day,hour,3,tmp,vdc,wd,ws,amb,dew,so2,no,no2,nox,co,co2,gas,air
,1:00,22,23.1,1.47,203,0.2,17.9,15.8,0,0,0.4,0.4,0.6,0.6,-1.5,-0.06
,2:00,21,23.2,1.47,22,0.4,17.4,15.4,0,0,0.2,0.2,0.6,0.6,-1.5,-0.06
,3:00,17,23.4,1.47,90,0.1,17,14.9,-0.1,0.1,0.1,0.2,0.6,0.6,-1.5,-0.06
,4:00,13,23.6,1.47,50,1.3,16.2,14.4,-0.1,0,-0.1,-0.1,0.6,0.6,-1.5,-0.06
,5:00,12,23.7,1.47,39,2.5,15.6,14.3,-0.1,0.1,-0.1,0,0.6,0.6,-1.5,-0.06
,6:00,17,23.9,1.47,0,0,16.1,14.1,-0.1,0.1,0,0.1,0.6,0.6,-1.5,-0.06
,7:00,14,22.7,1.47,236,0.2,17.4,16,-0.1,0.8,0.9,1.7,0.6,0.6,-1.5,-0.06
,8:00,20,21.7,1.47,178,0.8,20.5,19.4,0,0.4,0.6,0.9,0.6,0.6,-1.4,-0.06
,9:00,30,22.6,1.47,89,1.4,22.7,23.2,0.2,0.4,1.3,1.7,0.6,0.6,-1.4,-0.06
,10:00,41,23.7,1.47,76,1.6,24.5,21.9,0.4,0.2,0.8,0.9,0.6,0.6,-1.5,-0.06
,11:00,48,24.7,1.47,207,1.4,25.9,18.1,0.4,0.3,0.8,1.1,0.6,0.6,-1.5,-0.06
,12:00,56,25.4,1.47,192,1.9,27,18.1,0.6,0.1,1.3,1.4,0.7,0.7,-1.5,-0.07
,13:00,60,26.2,1.47,181,1.8,27.8,18,0.6,0.2,2.1,2.2,0.7,0.7,-1.6,-0.07
,14:00,56,26.9,1.47,184,2.4,28.2,17.8,0.6,0.2,2.3,2.4,0.7,0.7,-1.6,-0.07
,15:00,55,27.6,1.47,199,2.2,28,17.8,0.5,0.2,2.9,3.1,0.7,0.7,-1.6,-0.07
,16:00,55,27.9,1.47,202,2,27.2,18.1,0.4,0.2,3.1,3.3,0.7,0.7,-1.7,-0.07
,17:00,58,27.7,1.47,199,1.5,26.1,18,0.5,0.1,3.3,3.4,0.7,0.7,-1.7,-0.07
,18:00,47,27,1.47,254,0.7,24.6,19.2,0.6,0,2.8,2.8,0.7,0.7,-1.7,-0.07
,19:00,34,26,1.47,265,1,22.9,19.4,0.3,0,1.9,2,0.7,0.7,-1.6,-0.07
,20:00,27,24.9,1.47,0,0.1,21.5,19.4,0.2,0,1.3,1.3,0.7,0.7,-1.6,-0.07
,21:00,28,23.9,1.47,251,0.1,20.7,18.8,0.2,0,0.8,0.8,0.6,0.7,-1.5,-0.07
,22:00,,23.4,1.47,211,0.2,19.9,18,,,,,0.6,0.6,-1.5,-0.06
,23:00,,23.7,1.47,228,0.8,19.1,17.3,,,,,,,,
,0:00,,22.9,1.47,172,0.7,18.5,16.8,,,,,,,-1.7,
,1:00,18,22.9,1.47,44,1.9,17.5,16.2,0,0,0.2,0.2,0.6,0.6,-1.5,-0.06
,2:00,15,23.1,1.47,50,0.7,17.2,15.9,-0.1,0,0.1,0.1,0.6,0.6,-1.5,-0.06
,3:00,20,23,1.47,315,0.6,17.5,15.8,0,0,0.3,0.3,0.6,0.6,-1.5,-0.06
,4:00,15,23.1,1.47,54,1.6,17,15.5,-0.1,0,0.3,0.3,0.7,0.7,-1.5,-0.06
,5:00,16,23,1.47,45,0.5,17.1,15.8,-0.1,0.3,0.8,1.1,0.6,0.6,-1.5,-0.06
,6:00,14,22.6,1.47,63,0.1,17.2,16.5,-0.1,0.7,0.8,1.5,0.6,0.6,-1.5,-0.06
,7:00,10,21.5,1.47,207,0.2,18.3,18.4,0,1,1.3,2.3,0.6,0.7,-1.4,-0.06
,8:00,11,21.6,1.47,326,0.1,19.6,19.9,0.1,0.8,2.5,3.3,0.6,0.7,-1.4,-0.06
,9:00,14,21.5,1.47,90,2.6,20.8,22.5,0.1,0.5,0.9,1.4,0.7,0.7,-1.4,-0.06
,10:00,37,22.1,1.47,108,1.7,23,20.1,0.5,0.3,1.5,1.8,0.6,0.7,-1.4,-0.06
,11:00,43,23.3,1.47,176,1.9,25,18.8,0.3,0.2,1.5,1.7,0.6,0.6,-1.4,-0.06
,12:00,38,24.2,1.47,194,2.1,25.3,18.9,0.2,0.2,1.1,1.2,0.6,0.6,-1.5,-0.06
,13:00,37,24.5,1.47,222,1,22.7,20.4,0.8,0.3,2,2.3,0.7,0.7,-1.5,-0.06
,14:00,39,24.7,1.47,191,2.1,24.3,21.3,1.1,0.6,1.9,2.5,0.6,0.7,-1.5,-0.07
,15:00,39,25.1,1.47,183,2.1,24.9,20.2,0.2,0.3,0.9,1.1,0.6,0.6,-1.5,-0.07
,16:00,42,25.4,1.47,196,1.9,25.1,20,0.6,0.2,1.2,1.4,0.6,0.7,-1.6,-0.07
,17:00,38,25.4,1.47,191,0.9,24.1,20.7,1.1,0.2,1.8,2,0.7,0.7,-1.6,-0.07
,18:00,30,25,1.47,204,0.7,23,20.9,0.4,0.1,2.1,2.2,0.7,0.7,-1.6,-0.07
,19:00,30,24.3,1.47,279,2,21.3,20.4,0.1,0.1,1.2,1.3,0.6,0.6,-1.5,-0.07
,20:00,24,23.6,1.47,255,1.3,21,20.3,0.3,0.1,1.8,1.8,0.6,0.6,-1.5,-0.06
,21:00,23,22.9,1.47,222,1.2,21,20.3,0.3,0,2.3,2.3,0.6,0.6,-1.5,-0.06
,22:00,,22.8,1.47,215,1.2,20.9,20.3,,,,,0.6,0.6,-1.5,-0.06
,23:00,,23.5,1.47,207,2,20.9,20.3,,,,,,,,
,0:00,,22.8,1.47,209,2.1,21,20.7,,,,,,,-1.6,
,1:00,22,22,1.47,214,2.3,20.9,20.7,-0.1,0,1.3,1.3,0.6,0.6,-1.5,-0.06
,2:00,20,21.5,1.47,217,2,20.7,20.4,-0.2,0,1.4,1.4,0.6,0.6,-1.4,-0.06
,3:00,19,21.1,1.47,217,1.5,20.7,20.3,-0.2,0,1.5,1.5,0.5,0.6,-1.4,-0.06
,4:00,18,21.5,1.47,228,0.4,20.4,19.7,-0.1,0.2,2,2.2,0.6,0.6,-1.4,-0.06
,5:00,21,21.4,1.47,207,0.6,20,19.3,-0.1,0.1,1.6,1.7,0.6,0.6,-1.4,-0.06
,6:00,17,21.5,1.47,267,1.1,19.8,19.6,-0.1,0.7,2.3,3,0.6,0.6,-1.4,-0.06
,7:00,20,21.5,1.47,258,2.2,19.8,19.7,-0.1,0.1,1.1,1.2,0.6,0.6,-1.4,-0.06
,8:00,21,21.1,1.47,247,2,20.7,20,0,0.3,1.1,1.4,0.6,0.6,-1.4,-0.06
,9:00,20,21.1,1.47,242,2,21.2,20.5,0.2,0.5,2.2,2.7,0.6,0.6,-1.4,-0.06
,10:00,18,25.2,1.47,270,2.2,21.4,20.9,,,,,,0.5,2.7,
,11:00,7,28,1.47,237,3.2,22.9,17.4,,,,,,0.4,20.8,
,12:00,28,29.3,1.47,219,2.7,24.9,17.2,,,,,,1.5,13.1,
,13:00,39,27.8,1.47,246,2.4,25.9,19.7,0.2,0.2,1.4,1.7,0.7,0.7,-1.7,-0.08
,14:00,34,27.3,1.47,179,1.2,25.7,20.2,0.2,0.4,2.1,2.5,0.7,0.7,-1.6,-0.07
,15:00,33,27.1,1.47,184,1.5,26.1,19.9,0.1,0.2,1.5,1.8,0.7,0.7,-1.6,-0.07
,16:00,32,26.7,1.47,245,5,21.8,20,-0.1,0.1,1.4,1.5,0.7,0.7,-1.6,-0.07
,17:00,30,25.7,1.47,254,2.1,20.3,19.4,-0.1,0.1,1,1.1,0.6,0.6,-1.6,-0.07
,18:00,22,24.7,1.47,255,1.5,20.4,19.4,-0.1,0.3,1.2,1.5,0.7,0.7,-1.6,-0.07
,19:00,15,23.8,1.47,71,0.7,20,19.5,-0.2,0.1,0.6,0.7,0.6,0.6,-1.5,-0.07
,20:00,10,23,1.47,38,1.1,19.5,19.2,-0.2,0.1,0.6,0.7,0.6,0.6,-1.5,-0.06
,21:00,11,22.2,1.47,27,0.9,19.3,18.9,-0.2,0,0.1,0.2,0.6,0.6,-1.4,-0.06
,22:00,,22,1.47,90,0.1,19.2,18.8,,,,,0.6,0.6,-1.4,-0.06
,23:00,,22.6,1.47,292,0.5,19.1,18.5,,,,,,,,
,0:00,,21.9,1.47,253,1.2,18.7,18.1,,,,,,,-1.6,
,1:00,8,21.6,1.47,19,0.6,18.5,18.4,-0.2,0,0.4,0.4,0.6,0.6,-1.4,-0.06
,2:00,4,21.7,1.47,344,0.5,17.8,17.8,-0.2,0,-0.3,-0.2,0.6,0.6,-1.4,-0.06
,3:00,4,21.7,1.47,42,0.7,17.8,18,-0.2,0,0.1,0.1,0.6,0.6,-1.4,-0.06
,4:00,4,21.9,1.47,60,0.7,17.8,17.9,-0.2,0,0.6,0.6,0.6,0.6,-1.4,-0.06
,5:00,3,21.9,1.47,270,0.3,17.4,17.6,-0.2,1,1.2,2.1,0.6,0.6,-1.4,-0.06
,6:00,2,21.9,1.47,315,0.2,17.5,17.5,-0.2,0.9,1.4,2.3,0.6,0.6,-1.4,-0.06
,7:00,5,21.7,1.47,93,0.5,17.7,18,-0.1,0.8,0.4,1.1,0.6,0.6,-1.4,-0.06
,8:00,8,21.4,1.47,300,0.2,18.6,19.2,-0.1,0.4,-0.1,0.3,0.6,0.6,-1.4,-0.06
,9:00,10,21.1,1.47,113,0.6,20,19.5,-0.1,0.4,-0.1,0.3,0.6,0.6,-1.4,-0.06
,10:00,15,21.5,1.47,211,0.7,22.2,19.9,-0.1,0.4,0.1,0.5,0.6,0.6,-1.4,-0.06
,11:00,27,22.6,1.47,75,0.9,24.4,19.6,0.1,0.3,0.1,0.3,0.6,0.6,-1.4,-0.06
,12:00,37,23.6,1.47,122,2.3,25.9,19,0.2,0.1,0.3,0.5,0.6,0.6,-1.4,-0.06
,13:00,39,24.4,1.47,108,1.4,26.2,19.2,0.2,0.2,0.4,0.6,0.6,0.6,-1.5,-0.06
,14:00,44,25.3,1.47,122,3.1,26.5,19.2,0.4,0.3,1.2,1.5,0.7,0.7,-1.5,-0.07
,15:00,41,25.8,1.47,142,3.9,25.9,19.2,0.1,0.4,1.7,2,0.7,0.7,-1.6,-0.07
,16:00,41,26.1,1.47,163,0.7,25.9,19.3,0.1,0.2,1.9,2.2,0.7,0.7,-1.6,-0.07
,17:00,29,26,1.47,349,0.3,25,20.7,0.1,0.1,1.4,1.5,0.7,0.7,-1.6,-0.07
,18:00,28,25.5,1.47,289,1.7,22.7,20.7,-0.1,0,0.8,0.9,0.7,0.7,-1.6,-0.07
,19:00,23,24.7,1.47,231,1.3,21.2,20.5,-0.1,0.3,1.4,1.6,0.7,0.7,-1.5,-0.07
,20:00,16,23.9,1.47,238,1,20.8,20.2,0,0.3,1.9,2.2,0.7,0.7,-1.5,-0.07
,21:00,11,23.1,1.47,45,0.7,20.5,20,-0.1,0.3,1,1.3,0.7,0.7,-1.5,-0.06
,22:00,,23,1.47,35,3.2,20.6,20,,,,,0.6,0.6,-1.5,-0.06
,23:00,,23.6,1.47,41,1.1,20.5,19.7,,,,,,,,
,0:00,,22.8,1.47,0,0.5,20.1,19.3,,,,,,,-1.6,
,1:00,9,21.8,1.47,174,0.3,20,19.7,0,0.1,0.8,0.9,0.7,0.7,-1.5,-0.06
,2:00,9,21.6,1.47,2,1.1,20,19.8,0,0,0.1,0.1,0.6,0.6,-1.4,-0.06
,3:00,13,21.4,1.47,52,3,19.9,19.7,0.1,0,0.2,0.2,0.6,0.6,-1.4,-0.06
,4:00,13,21.4,1.47,65,1.6,19.5,19.4,0.1,0,0,0.1,0.6,0.6,-1.4,-0.06
,5:00,11,21.6,1.47,48,1.8,19.5,19.4,0,0,0.2,0.2,0.6,0.6,-1.4,-0.06
,6:00,14,21.6,1.47,57,2.3,19.5,19.8,0,0,0.1,0.2,0.6,0.6,-1.4,-0.06
,7:00,15,21.4,1.47,47,1.9,19.6,20,-0.1,0.1,0.2,0.3,0.6,0.6,-1.4,-0.06
,8:00,17,21.4,1.47,40,2.9,19.8,20.1,-0.1,0.1,0.4,0.4,0.6,0.6,-1.4,-0.06
,9:00,18,21.4,1.47,40,3.3,20.1,20.1,-0.1,0.1,0.3,0.4,0.6,0.6,-1.4,-0.06
,10:00,20,21.1,1.47,57,2.6,20.9,20.5,-0.1,0.2,0.5,0.6,0.6,0.6,-1.4,-0.06
,11:00,23,21.1,1.47,56,2.8,21.1,20.6,0.2,0.2,1,1.2,0.6,0.6,-1.4,-0.06
,12:00,29,21.3,1.47,52,1.3,22.2,20.8,0.6,0.3,1.2,1.4,0.6,0.6,-1.4,-0.06
,13:00,33,22,1.47,57,0.9,23.7,20.6,0.3,0.2,0.8,0.9,0.6,0.6,-1.4,-0.06
,14:00,35,22.7,1.47,67,3.2,24,20.6,0.3,0.1,0.5,0.6,0.6,0.6,-1.4,-0.06
,15:00,33,23.3,1.47,91,4.8,23.4,20.8,0.4,0.1,1.1,1.2,0.7,0.7,-1.5,-0.06
,16:00,26,23.2,1.47,119,3.8,21.1,20.6,0.4,0.3,4.1,4.3,0.7,0.7,-1.5,-0.06
,17:00,19,22.8,1.47,95,1,20.8,20.6,0.1,0.1,4.2,4.3,0.7,0.7,-1.5,-0.06
,18:00,16,22.3,1.47,353,0.2,20.6,20.4,0,0.1,3,3.1,0.7,0.7,-1.4,-0.06
,19:00,18,21.9,1.47,42,0.9,20.3,20.2,-0.1,0,2.1,2.1,0.6,0.7,-1.4,-0.06
,20:00,17,21.5,1.47,297,0.2,20.1,20,0,0.1,2,2.1,0.6,0.6,-1.4,-0.06
,21:00,13,21.3,1.47,329,0.2,20,19.9,0,0,1.1,1.1,0.6,0.6,-1.4,-0.06
,22:00,,21.6,1.47,71,0.7,19.8,19.6,,,,,0.6,0.7,-1.4,-0.06
,23:00,,22.3,1.47,93,0.6,19.6,19.6,,,,,,,,
,0:00,,21.7,1.47,86,0.9,19.6,19.8,,,,,,,-1.6,
,1:00,8,21.4,1.47,66,1,19.5,19.6,-0.1,0,2.9,2.9,0.7,0.7,-1.4,-0.06
,2:00,7,21.6,1.47,73,0.8,19.5,19.6,-0.1,0,3,3,0.7,0.7,-1.4,-0.06
,3:00,7,21.4,1.47,62,0.5,19.6,19.6,-0.1,0,2.4,2.4,0.7,0.7,-1.4,-0.06
,4:00,7,21.6,1.47,25,0.4,19.6,19.6,-0.2,0,1.5,1.5,0.6,0.7,-1.4,-0.06
,5:00,7,21.5,1.47,48,0.5,19.6,19.7,-0.2,0.1,1.3,1.3,0.6,0.6,-1.4,-0.06
,6:00,7,21.5,1.47,38,0.9,19.7,19.7,-0.1,0.1,1.1,1.2,0.6,0.6,-1.4,-0.06
,7:00,9,21.4,1.47,22,0.8,19.8,19.5,-0.1,0.2,0.8,1,0.6,0.6,-1.4,-0.06
,8:00,10,21.3,1.47,50,0.2,20.2,19.7,0.1,0.5,0.7,1.1,0.6,0.6,-1.4,-0.06
,9:00,13,21,1.47,77,0.5,20.7,19.4,0,0.4,0.3,0.6,0.6,0.6,-1.4,-0.06
,10:00,17,21.2,1.47,120,0.7,21.6,18.6,0,0.3,0.2,0.5,0.6,0.6,-1.4,-0.06
,11:00,20,21.8,1.47,213,0.8,23.3,17.5,-0.1,0.3,0.1,0.3,0.6,0.6,-1.4,-0.06
,12:00,23,22.8,1.47,219,1.5,24.6,17.3,-0.1,0.4,0.2,0.5,0.6,0.6,-1.4,-0.06
,13:00,26,23.7,1.47,188,1.9,25.8,18.4,-0.1,0.2,-0.1,0.1,0.6,0.6,-1.5,-0.06
,14:00,28,24.7,1.47,147,1.5,26.4,19,-0.1,0.3,0.1,0.4,0.6,0.6,-1.5,-0.06
,15:00,22,25.4,1.47,14,3.3,24.3,20.4,-0.1,0.1,-0.3,-0.2,0.6,0.7,-1.5,-0.07
,16:00,24,25.5,1.47,18,2.4,25,20.5,-0.1,0.1,-0.3,-0.2,0.7,0.7,-1.6,-0.07
,17:00,20,25.4,1.47,11,1.9,24.8,20.8,-0.1,0.1,-0.5,-0.4,0.6,0.7,-1.6,-0.07
,18:00,11,24.9,1.47,12,0.8,23.5,21.3,-0.1,0.6,0.2,0.7,0.7,0.7,-1.6,-0.07
,19:00,7,24.3,1.47,313,0.7,21.9,20.9,-0.1,0.4,0.4,0.8,0.7,0.7,-1.5,-0.07
,20:00,4,23.6,1.47,346,0.5,21.5,21,-0.1,0.2,-0.1,0.2,0.7,0.7,-1.5,-0.06
,21:00,6,23,1.47,11,0.5,21.4,20.7,-0.1,0.1,-0.4,-0.3,0.6,0.6,-1.5,-0.06
,22:00,,23,1.47,27,0.4,20.9,20.4,,,,,0.6,0.6,-1.5,-0.06
,23:00,,23.6,1.47,239,0.5,20.3,19.4,,,,,,,,
,0:00,,22.7,1.47,53,0.5,19.6,18.9,,,,,,,-1.6,
,1:00,1,21.6,1.47,48,1.4,19,18.5,-0.2,0,-0.3,-0.3,0.6,0.6,-1.5,-0.06
,2:00,3,21.5,1.47,259,0.5,19.3,19,-0.2,0.1,-0.4,-0.4,0.6,0.6,-1.4,-0.06
,3:00,4,21.6,1.47,261,0.4,19.4,19.3,-0.2,0.1,-0.1,0,0.6,0.6,-1.4,-0.06
,4:00,3,21.6,1.47,315,0.3,18.9,19.1,-0.2,0,-0.2,-0.2,0.6,0.6,-1.4,-0.06
,5:00,4,21.7,1.47,37,0.5,18.9,19.1,-0.1,0,-0.3,-0.3,0.6,0.6,-1.4,-0.06
,6:00,3,21.7,1.47,262,0.5,18.6,18.6,-0.1,0.5,-0.1,0.5,0.6,0.6,-1.4,-0.06
,7:00,4,21.5,1.47,243,0.2,19.4,6.8,-0.1,0.9,-0.1,0.9,0.6,0.6,-1.4,-0.06
,8:00,14,21.2,1.47,125,0.3,20.3,-9.5,0.1,0.4,0.3,0.6,0.6,0.6,-1.4,-0.06
,9:00,19,21.3,1.47,55,1.1,21.3,-8.8,0.1,0.2,0.1,0.2,0.6,0.6,-1.4,-0.06
,10:00,21,22.1,1.47,96,1.8,22.9,-8.4,0,0.2,0.1,0.2,0.6,0.6,-1.4,-0.06
,11:00,23,23.1,1.47,185,1.1,24.5,-7.7,0,0.3,0.2,0.5,0.6,0.6,-1.4,-0.06
,12:00,28,23.9,1.47,210,1.4,26,-7.5,-0.1,0.2,0.2,0.3,0.6,0.6,-1.5,-0.06
,13:00,32,24.7,1.47,136,2.6,26.3,6.8,0.3,0.5,1.1,1.6,0.7,0.7,-1.5,-0.06
,14:00,39,25.5,1.47,103,3.6,26.9,26,0.3,0.2,1,1.2,0.7,0.7,-1.5,-0.07
,15:00,39,26.2,1.47,98,3.6,26,25.5,0.1,0.2,1.5,1.7,0.8,0.8,-1.6,-0.07
,16:00,35,26.3,1.47,79,2.3,24.8,24.4,0.2,0.7,2.8,3.5,0.8,0.8,-1.6,-0.07
,17:00,33,25.8,1.47,307,2.6,21.6,22.6,0,0.2,1.3,1.5,0.7,0.7,-1.6,-0.07
,18:00,34,25,1.47,274,3,21,22.3,-0.1,0,0.7,0.7,0.7,0.7,-1.6,-0.07
,19:00,22,24.2,1.47,225,0.2,20.9,22,-0.1,0.1,1.2,1.3,0.7,0.7,-1.5,-0.07
,20:00,15,23.4,1.47,233,1,20.6,21.3,-0.1,0.2,1.1,1.2,0.7,0.7,-1.5,-0.06
,21:00,18,22.7,1.47,210,0.7,20.4,21.1,-0.1,0.1,0.3,0.3,0.6,0.6,-1.5,-0.06
,22:00,,22.5,1.47,225,0.2,20.1,20.7,,,,,0.6,0.7,-1.4,-0.06
,23:00,,23.1,1.47,109,0.2,19.6,21.1,,,,,,,,
,0:00,,22.4,1.47,37,0.8,19.5,20.4,,,,,,,-1.6,
,1:00,6,21.5,1.47,17,0.4,19.5,20.4,-0.2,0,-0.1,-0.1,0.6,0.6,-1.5,-0.06
,2:00,4,21.4,1.47,251,0.1,19.5,20.3,-0.2,0,-0.4,-0.4,0.6,0.6,-1.4,-0.06
,3:00,6,21.7,1.47,264,0.5,19.3,20,-0.2,0,-0.5,-0.5,0.6,0.6,-1.4,-0.06
,4:00,7,21.6,1.47,63,0.1,19.3,19.8,-0.1,0,-0.4,-0.3,0.6,0.6,-1.4,-0.06
,5:00,3,21.4,1.47,63,0.3,19,19.5,-0.2,0.6,-0.1,0.5,0.6,0.7,-1.4,-0.06
,6:00,2,21.6,1.47,326,0.2,19.1,19.8,-0.1,1.1,0.2,1.2,0.7,0.7,-1.4,-0.06
,7:00,4,21.4,1.47,135,0,19.8,20.6,-0.1,0.9,0.4,1.3,0.7,0.7,-1.4,-0.06
,8:00,8,21,1.47,69,0.3,20.6,21.8,-0.1,0.6,0.3,0.8,0.7,0.7,-1.4,-0.06
,9:00,15,21.7,1.47,97,1.1,22.1,22.4,0,0.3,0,0.3,0.7,0.7,-1.4,-0.06
,10:00,23,22.9,1.47,154,1.9,24,22.1,0.1,0.3,0.3,0.5,0.7,0.7,-1.4,-0.06
,11:00,32,24.1,1.47,161,2.2,26.1,21.3,0.2,0.3,0.2,0.5,0.7,0.7,-1.5,-0.06
,12:00,36,25,1.47,191,1.8,27.2,21,0.3,0.2,0.4,0.7,0.7,0.7,-1.5,-0.06
,13:00,36,28.5,1.47,173,1,26.4,20.5,0.4,0.4,1.2,1.6,0.8,0.8,-1.6,-0.07
,14:00,45,29.1,1.47,171,1.9,27.3,19.7,0.3,0.3,1.6,1.9,0.8,0.8,-1.7,-0.07
,15:00,47,28.6,1.47,194,2,27.6,20,0.4,0.2,2.5,2.7,0.8,0.8,-1.7,-0.07
,16:00,44,28.5,1.47,246,4.1,26.8,20.8,0.2,0.2,3.2,3.3,0.8,0.8,-1.7,-0.07
,17:00,37,28.1,1.47,259,3.1,25.6,20,0.2,0.1,2.5,2.6,0.8,1,-1.7,-0.07
,18:00,24,27.2,1.47,250,1.8,24,20.5,0.1,0.2,2.6,2.8,0.8,0.8,-1.7,-0.07
,19:00,14,26.2,1.47,246,2,22.1,20.6,0,0.5,1.5,2,0.7,0.8,-1.6,-0.07
,20:00,15,25.1,1.47,201,0.9,21.1,19.7,0,0.3,1.6,1.9,0.7,0.7,-1.6,-0.07
,21:00,14,24.1,1.47,251,0.6,20.3,19,-0.1,0,0.2,0.2,0.7,0.7,-1.5,-0.07
,22:00,,23.6,1.47,284,0.2,19.5,18.2,,,,,0.7,0.7,-1.5,-0.06
,23:00,,23.9,1.47,202,0.2,19.2,17.6,,,,,,,,
,0:00,,22.8,1.47,90,0.4,18.6,17.4,,,,,,,-1.7,
,1:00,5,22.5,1.47,30,1,18.3,17.1,-0.1,0,-0.2,-0.1,0.6,0.6,-1.5,-0.06
,2:00,8,22.3,1.47,310,0.2,18.3,16.7,-0.1,0,-0.4,-0.4,0.6,0.6,-1.5,-0.06
,3:00,8,22.4,1.47,112,0.3,18,16.4,-0.1,0,-0.4,-0.4,0.6,0.6,-1.5,-0.06
,4:00,10,22.7,1.47,11,0.2,18,16.1,-0.1,0,-0.4,-0.4,0.6,0.6,-1.5,-0.06
,5:00,6,23,1.47,16,0.8,17.3,15.8,-0.1,0.3,-0.2,0.1,0.7,0.7,-1.5,-0.06
,6:00,10,23,1.47,0,0,17.5,15.8,-0.1,0.1,-0.2,-0.1,0.6,0.6,-1.5,-0.06
,7:00,8,22.3,1.47,315,0.1,18.8,17.4,-0.1,1.1,0.1,1.2,0.7,0.7,-1.5,-0.06
,8:00,12,21.8,1.47,243,0.4,21.1,20.1,-0.1,0.5,0.2,0.7,0.7,0.7,-1.4,-0.06
,9:00,23,22.9,1.47,151,0.9,23.8,22.7,0.1,0.2,0.1,0.3,0.7,0.7,-1.4,-0.06
,10:00,33,24.2,1.47,133,1.2,25.4,25.3,0.4,0.2,0.3,0.5,0.7,0.7,-1.5,-0.06
,11:00,37,25.2,1.47,221,1.4,26.9,20.3,0.3,0.2,0.3,0.5,0.7,0.7,-1.5,-0.07
,12:00,46,26.1,1.47,197,2.1,27.6,20,0.6,0.2,1,1.2,0.7,0.7,-1.6,-0.07
,13:00,49,26.8,1.47,160,2.6,27.9,18,0.8,0.2,0.8,1,0.7,0.7,-1.6,-0.07
,14:00,44,27.4,1.47,231,2.3,26.7,19.7,0.6,0.2,2,2.2,0.8,0.8,-1.6,-0.07
,15:00,53,27.5,1.47,247,1.5,26.9,19.2,2.1,0.2,2.8,3,0.8,0.8,-1.7,-0.07
,16:00,56,27.5,1.47,319,0.9,27.7,18.8,1.7,0.1,2.1,2.2,0.7,0.8,-1.7,-0.07
,17:00,47,27.2,1.47,127,1.5,26,19.4,0.9,0.1,3.2,3.4,0.8,0.8,-1.7,-0.07
,18:00,33,26.5,1.47,0,0.2,24.2,20.3,0.4,0.1,2.1,2.2,0.8,0.8,-1.6,-0.07
,19:00,24,25.7,1.47,303,1.7,22.5,20.6,0.5,0,1.3,1.4,0.7,0.8,-1.6,-0.07
,20:00,29,24.7,1.47,241,0.8,21.9,19.8,0.9,0,1.3,1.4,0.7,0.7,-1.6,-0.07
,21:00,25,23.9,1.47,249,0.9,21.1,19.9,0.5,0,0.7,0.7,0.7,0.7,-1.5,-0.07
,22:00,,23.6,1.47,47,1.6,20.6,19.7,,,,,0.7,0.7,-1.5,-0.06
,23:00,,24.1,1.47,36,0.7,20.4,19.1,,,,,,,,
,0:00,,23.2,1.47,90,0.1,20.1,18.9,,,,,,,-1.7,
,1:00,11,22.1,1.47,79,0.5,20,19.2,0.1,0,0.8,0.9,0.8,0.8,-1.5,-0.06
,2:00,12,21.5,1.47,281,1.1,20,19.1,0.1,0,0.5,0.5,0.7,0.7,-1.4,-0.06
,3:00,12,21.6,1.47,172,0.2,19.7,18.4,0.1,0.1,0.4,0.4,0.7,0.7,-1.4,-0.06
,4:00,6,21.7,1.47,25,1.1,19.1,18.2,-0.1,0.1,0.3,0.3,0.7,0.7,-1.4,-0.06
,5:00,5,21.7,1.47,188,0.4,19.2,18.5,0,2.7,0.8,3.2,0.7,0.7,-1.4,-0.06
,6:00,4,21.7,1.47,350,0.3,19,18.6,-0.1,0.4,0.6,1,0.7,0.7,-1.4,-0.06
,7:00,2,21.5,1.47,71,0.2,19.5,20,-0.1,0.6,0.3,0.8,0.7,0.7,-1.4,-0.06
,8:00,9,21.2,1.47,21,0.6,20.5,21.4,0,0.6,0.9,1.4,0.7,0.7,-1.4,-0.06
,9:00,23,21.2,1.47,217,0.8,21.8,23.2,0,0.4,1.6,2,0.7,0.7,-1.4,-0.06
,10:00,35,23,1.47,185,2.2,24.4,20.8,0.2,0.6,2.1,2.7,0.7,0.7,-1.4,-0.06
,11:00,41,24,1.47,169,2.6,26,20.8,0.1,0.5,2,2.5,0.7,0.7,-1.5,-0.06
,12:00,42,24.9,1.47,181,2.5,27.3,20.9,0.1,0.2,0.9,1.1,0.7,0.7,-1.5,-0.07
,13:00,41,25.9,1.47,197,2.5,28.1,20.5,0.1,0.2,0.9,1.2,0.7,0.7,-1.6,-0.07
,14:00,40,26.8,1.47,202,2.2,27.3,20.9,0.1,0.3,1.6,2,0.8,0.8,-1.6,-0.07
,15:00,36,27,1.47,254,4.1,25.2,20.9,0.1,0.2,1.2,1.4,0.8,0.8,-1.6,-0.07
,16:00,36,26.5,1.47,257,3.2,22.2,18.9,-0.1,0.1,1,1.1,0.7,0.7,-1.6,-0.07
,17:00,31,25.6,1.47,243,2.7,22.2,18.5,-0.1,0.3,2.2,2.5,0.7,0.7,-1.6,-0.07
,18:00,33,24.8,1.47,283,4.3,21.9,18.4,-0.1,0,1.5,1.5,0.7,0.7,-1.6,-0.07
,19:00,31,24,1.47,228,2.6,21,18.9,-0.1,0.1,1.8,1.8,0.7,0.7,-1.5,-0.07
,20:00,30,23.2,1.47,219,1.9,21,18.4,0,0,1.8,1.8,0.7,0.7,-1.5,-0.06
,21:00,17,22.5,1.47,17,1,19.8,18.8,-0.1,0,0.9,1,0.6,0.7,-1.5,-0.06
,22:00,,22.4,1.47,297,0.1,19.6,19,,,,,0.7,0.7,-1.5,-0.06
,23:00,,23,1.47,40,0.8,19.3,18.6,,,,,,,,
,0:00,,22.3,1.47,267,0.5,18.9,18.4,,,,,,,-1.6,
,1:00,7,21.6,1.47,257,1.3,18.7,17.8,-0.1,0,-0.2,-0.2,0.6,0.6,-1.5,-0.06
,2:00,11,21.7,1.47,194,1.3,18.6,17.7,-0.1,0.1,-0.3,-0.2,0.6,0.6,-1.4,-0.06
,3:00,14,21.9,1.47,243,0.2,18.9,17.5,-0.1,0,-0.1,-0.1,0.6,0.6,-1.4,-0.06
,4:00,4,22,1.47,40,1.8,17.7,17,-0.1,0.1,-0.2,-0.1,0.6,0.6,-1.4,-0.06
,5:00,3,22.1,1.47,35,2.3,17.1,16.9,-0.2,0.3,0.1,0.4,0.6,0.6,-1.4,-0.06
,6:00,2,22.1,1.47,59,2.2,17.1,17.1,-0.1,0.7,0.6,1.3,0.6,0.7,-1.4,-0.06
,7:00,3,21.8,1.47,18,0.7,17.8,18.2,-0.1,1.3,0.4,1.6,0.6,0.7,-1.4,-0.06
,8:00,9,21.3,1.47,45,0.4,19.3,20,-0.1,0.3,-0.1,0.2,0.6,0.6,-1.4,-0.06
,9:00,22,21.6,1.47,105,0.9,22,18.5,0.1,0.3,0.4,0.7,0.6,0.6,-1.4,-0.06
,10:00,28,22.4,1.47,118,2.1,23.8,18.6,0.2,1.3,0.8,1.9,0.6,0.6,-1.4,-0.06
,11:00,33,23.4,1.47,151,2.1,24.6,18.5,0.2,0.3,0.8,1,0.7,0.7,-1.5,-0.06
,12:00,37,24.3,1.47,184,1.9,25.4,18.3,0.3,0.4,1.1,1.5,0.7,0.7,-1.5,-0.06
,13:00,42,25,1.47,181,2.3,25.8,18,0.4,0.1,1,1.1,0.7,0.7,-1.5,-0.07
,14:00,43,25.8,1.47,143,2,26.7,17.9,0.4,0.7,2,2.6,0.7,0.7,-1.6,-0.07
,15:00,40,26.5,1.47,60,4.3,26.1,18.6,0.3,0.4,2.1,2.5,0.7,0.7,-1.6,-0.07
,16:00,41,27,1.47,83,2.7,25.6,18.6,0.3,0.1,2.1,2.2,0.7,0.8,-1.6,-0.07
,17:00,43,26.8,1.47,194,0.8,24.8,16.7,0.5,0.1,2.8,2.9,0.7,0.8,-1.6,-0.07
,18:00,40,26,1.47,24,2.9,22.1,15.7,1.2,0,2.7,2.7,0.7,0.7,-1.6,-0.07
,19:00,40,24.8,1.47,74,2.5,20,13.8,2.4,0,3.6,3.6,0.7,0.7,-1.6,-0.07
,20:00,35,23.7,1.47,327,1.4,18.7,13.9,2.1,0,3.1,3.1,0.7,0.7,-1.5,-0.07
,21:00,26,22.6,1.47,70,1.7,18,14.4,1.3,0.2,2.4,2.6,0.7,0.7,-1.5,-0.06
,22:00,,23.2,1.47,340,1.3,18.1,13.1,,,,,0.6,0.7,-1.5,-0.06
,23:00,,24.5,1.47,95,0.7,16.5,13.8,,,,,,,,
,0:00,,24.7,1.47,211,0.4,15.9,13.5,,,,,,,-1.7,
,1:00,15,24.5,1.47,94,0.4,15,13.7,0.3,0,1,1,0.7,0.7,-1.6,-0.07
,2:00,11,24.2,1.47,25,1.6,14.8,13.9,0.2,0,0.4,0.4,0.7,0.7,-1.5,-0.07
,3:00,15,24,1.47,27,0.9,15,13.3,0.3,0,0.3,0.3,0.6,0.7,-1.5,-0.07
,4:00,8,24.1,1.47,53,1.8,14.5,13.7,0,0.1,0.1,0.2,0.7,0.7,-1.5,-0.07
,5:00,8,23.8,1.47,51,2.5,14.9,13.8,0,0.1,0.3,0.4,0.7,0.7,-1.5,-0.07
,6:00,15,23.7,1.47,46,3.7,15.4,13.1,0.3,0.2,1,1.2,0.6,0.7,-1.5,-0.07
,7:00,23,23.5,1.47,50,3.8,15.9,12.3,1.3,0.1,1.5,1.6,0.6,0.7,-1.5,-0.06
,8:00,22,23,1.47,51,3.4,16.3,12.7,3.5,0.4,4.2,4.6,0.6,0.6,-1.5,-0.06
,9:00,23,22.5,1.47,63,3.4,16.8,12.7,3.9,0.6,4.6,5.2,0.6,0.6,-1.5,-0.06
,10:00,28,21.7,1.47,51,3.8,17.6,11.5,4.2,1,4.3,5.4,0.6,0.6,-1.4,-0.06
,11:00,33,21.3,1.47,53,3.9,18.5,11,4.2,1,3.5,4.5,0.6,0.6,-1.4,-0.06
,12:00,40,21.5,1.47,70,2.6,19.9,11.6,3.8,0.7,2.6,3.3,0.6,0.6,-1.4,-0.06
,13:00,46,22,1.47,92,2.2,21.1,12.4,3.7,0.4,2.5,2.8,0.6,0.6,-1.4,-0.06
,14:00,50,22.7,1.47,125,1.7,21.8,12.7,4.3,0.5,3.2,3.6,0.7,0.7,-1.4,-0.06
,15:00,52,23.3,1.47,200,1.9,22.2,13.1,4.8,0.7,4.4,5,0.7,0.7,-1.5,-0.06
,16:00,56,23.7,1.47,181,1.1,22.2,13,4.5,0.4,4.3,4.7,0.7,0.7,-1.5,-0.06
,17:00,48,23.5,1.47,72,1.5,21.5,14.2,4,0.6,5.7,6.3,0.7,0.8,-1.5,-0.06
,18:00,36,22.9,1.47,37,2.4,19.4,15.7,2.2,0,2.9,2.9,0.7,0.7,-1.5,-0.06
,19:00,30,22.2,1.47,41,2.7,18.5,15.4,1.7,0,2.5,2.6,0.7,0.7,-1.5,-0.06
,20:00,28,21.8,1.47,38,2.4,18.3,15.3,1.5,0,2.1,2.2,0.7,0.7,-1.4,-0.06
,21:00,27,21.8,1.47,35,2.7,18,15.2,1.4,0,1.8,1.8,0.7,0.7,-1.4,-0.06
,22:00,,22.1,1.47,39,3.5,18.3,14.9,,,,,0.7,0.7,-1.4,-0.06
,23:00,,22.7,1.47,39,2.8,18,15,,,,,,,,
,0:00,,22.3,1.47,48,3,17.9,14.8,,,,,,,-1.6,
,1:00,27,22.1,1.47,41,2.9,17.5,14.6,3.1,0,3.4,3.4,0.7,0.7,-1.5,-0.06
,2:00,27,22.2,1.47,41,3,17.3,14.4,2.5,0,2.8,2.8,0.7,0.7,-1.4,-0.06
,3:00,26,22.2,1.47,43,2.9,17.1,14.5,2,0,2.2,2.2,0.7,0.7,-1.4,-0.06
,4:00,25,22.3,1.47,48,1.4,16.9,14.4,1.8,0,1.9,1.9,0.7,0.7,-1.4,-0.06
,5:00,18,22.4,1.47,48,1.7,16.5,14.8,0.9,0,1.5,1.5,0.7,0.7,-1.4,-0.06
,6:00,15,22.7,1.47,30,2.1,16.1,15,0.6,0.1,1.2,1.3,0.7,0.7,-1.5,-0.06
,7:00,18,22.6,1.47,40,2.2,16.8,15.2,0.9,0.2,1.1,1.3,0.7,0.7,-1.5,-0.06
,8:00,26,21.7,1.47,87,2.2,17.9,14.4,2.7,0.7,2.9,3.6,0.7,0.7,-1.4,-0.06
,9:00,34,21.9,1.47,155,1.1,19.1,14.1,4.7,0.8,3.8,4.6,0.7,0.7,-1.4,-0.06
,10:00,42,22.2,1.47,236,1.8,19.9,14.1,4.6,0.4,2.9,3.2,0.7,0.7,-1.4,-0.06
,11:00,47,22.3,1.47,205,1.5,20,14.2,4.1,0.3,3,3.3,0.7,0.7,-1.4,-0.06
,12:00,48,22.3,1.47,95,2.5,20.1,14.6,3.6,0.2,3.1,3.3,0.7,0.7,-1.4,-0.06
,13:00,49,22.3,1.47,95,2.6,20.3,14.8,3.2,0.3,3.8,4,0.8,0.8,-1.4,-0.06
,14:00,52,22.3,1.47,82,2,20.5,15,3.1,0.2,4,4.2,0.8,0.8,-1.4,-0.06
,15:00,52,22.5,1.47,63,1.8,20.6,15.3,2.7,0.2,3.8,4,0.8,0.8,-1.4,-0.06
,16:00,49,22.3,1.47,36,2.3,20.3,15.8,2.8,0.1,3.9,3.9,0.7,0.8,-1.4,-0.06
,17:00,43,22.1,1.47,35,1.8,19.9,16.2,2.8,0.1,3.9,4,0.7,0.8,-1.4,-0.06
,18:00,34,21.7,1.47,57,2.8,19.2,16.6,2,0,3.8,3.9,0.7,0.7,-1.4,-0.06
,19:00,30,21.5,1.47,31,2.1,18.8,16.5,1.8,0,3.5,3.5,0.7,0.7,-1.4,-0.06
,20:00,29,22.3,1.47,14,2.4,18.1,16.1,1.7,0,2.4,2.4,0.7,0.7,-1.4,-0.06
,21:00,24,22.7,1.47,22,0.5,16.8,15.5,1.1,0,2.1,2.1,0.7,0.7,-1.5,-0.06
,22:00,,23.3,1.47,59,0.2,16.8,15.8,,,,,0.8,0.8,-1.5,-0.06
,23:00,,24.4,1.47,55,1.4,16.2,14.8,,,,,,,,
,0:00,,24.2,1.47,53,1.9,15.4,14.6,,,,,,,-1.7,
,1:00,12,24,1.47,27,0.1,15.2,13.9,0.2,0,0.4,0.4,0.7,0.7,-1.5,-0.07
,2:00,10,23.9,1.47,328,0.8,15.1,14.5,0.1,0,0.4,0.4,0.7,0.7,-1.5,-0.07
,3:00,16,24,1.47,155,0.6,14.9,13.4,0.2,0,0.4,0.4,0.7,0.7,-1.5,-0.07
,4:00,13,24.5,1.47,75,1.7,14.6,12.6,0.1,0,0.4,0.4,0.8,0.8,-1.5,-0.07
,5:00,8,24.9,1.47,25,2,13.5,11.8,-0.1,0.2,0.3,0.5,0.7,0.8,-1.5,-0.07
,6:00,16,24.8,1.47,352,1,14.1,11.9,0.1,0.2,0.6,0.7,0.7,0.8,-1.5,-0.07
,7:00,11,24.4,1.47,212,0.4,14.7,13.5,0.1,0.7,0.9,1.5,0.8,0.8,-1.5,-0.07
,8:00,23,23.4,1.47,65,0.6,17.3,16.2,0.3,0.3,0.8,1.1,0.7,0.7,-1.5,-0.07
,9:00,34,23,1.47,86,1,19.1,19.4,0.9,0.2,1,1.2,0.7,0.7,-1.5,-0.06
,10:00,43,23.3,1.47,83,1.5,20.7,15.6,1.9,0.2,1.2,1.3,0.7,0.7,-1.5,-0.06
,11:00,45,23.8,1.47,210,1.6,22.2,15.3,1.8,0.2,1.3,1.4,0.7,0.7,-1.5,-0.06
,12:00,49,24.2,1.47,188,1.9,23.1,15.4,1.6,0.2,1.9,2,0.7,0.7,-1.5,-0.06
,13:00,52,24.6,1.47,107,2.8,24,14.8,1.1,0.1,2.7,2.8,0.7,0.7,-1.5,-0.07
,14:00,56,25.2,1.47,97,3.2,24.5,14.7,1.2,0.1,3.9,4,0.7,0.7,-1.5,-0.07
,15:00,58,25.7,1.47,111,2.5,24.7,14.7,0.9,0.2,5.1,5.2,0.8,0.8,-1.6,-0.07
,16:00,59,25.9,1.47,111,3.4,24.2,15.2,0.8,0.1,5,5.1,0.8,0.8,-1.6,-0.07
,17:00,50,25.6,1.47,95,2.9,22.7,16.1,0.8,0.1,3.7,3.8,0.8,0.8,-1.6,-0.07
,18:00,48,24.8,1.47,76,2.5,21.2,16.1,1,0,4,4,0.8,0.8,-1.6,-0.07
,19:00,47,23.9,1.47,31,3,20.4,16,0.9,0,2.8,2.8,0.7,0.8,-1.5,-0.07
,20:00,43,23,1.47,32,2.9,19.9,16.1,0.7,0,2.3,2.3,0.7,0.7,-1.5,-0.06
,21:00,42,22.3,1.47,29,2.9,19.1,15.9,0.9,0,2.6,2.6,0.7,0.7,-1.5,-0.06
,22:00,,22,1.47,40,2.5,18.9,15.9,,,,,0.7,0.7,-1.4,-0.06
,23:00,,22.5,1.47,44,2.6,18.9,15.8,,,,,,,,
,0:00,,21.8,1.47,37,2.5,18.5,15.5,,,,,,,-1.6,
,1:00,33,21.8,1.47,38,2,18.2,14.9,2.7,0,3.7,3.7,0.7,0.7,-1.5,-0.06
,2:00,31,22.4,1.47,62,2.1,17.6,14.5,1.9,0,2.9,2.9,0.7,0.7,-1.4,-0.06
,3:00,23,22.7,1.47,56,2.5,16.5,14.4,1.1,0,2.3,2.3,0.7,0.7,-1.4,-0.06
,4:00,23,23.6,1.47,9,2.3,15.8,13.8,0.8,0,2,2,0.7,0.7,-1.5,-0.06
,5:00,22,24.1,1.47,20,1.9,14.9,12.9,0.6,0,1.7,1.7,0.7,0.7,-1.5,-0.07
,6:00,17,24.4,1.47,28,0.5,13.9,12.3,0.3,0.3,2.7,3,0.7,0.8,-1.5,-0.07
,7:00,22,24.2,1.47,1,1.4,15.5,13.8,0.5,0.3,1.5,1.7,0.7,0.7,-1.5,-0.07
,8:00,,23.5,1.47,56,2.4,17.8,16.5,,,,,,,-1.5,
,9:00,3,26.8,1.47,79,3.2,19.2,13.1,,,,,,,45.5,
,10:00,254,28.9,1.47,63,1.8,20.9,5.9,,,,,,,11.2,
,11:00,171,30.5,1.47,65,2.6,22.8,8.2,,,,,,,-2,
,12:00,50,29,1.47,67,4.2,24,13.4,0.4,0.1,2.3,2.3,0.3,0.3,-1.8,-0.08
,13:00,55,28,1.47,77,4.1,24.9,14,0.8,0.1,4.3,4.4,0.2,0.3,-1.7,-0.07
,14:00,53,27.8,1.47,68,4.2,25.6,13.6,0.4,0.1,3.8,3.9,0.2,0.2,-1.7,-0.07
,15:00,53,27.7,1.47,73,5.3,25.5,13.1,0.1,0.1,3.3,3.4,0.2,0.2,-1.7,-0.07
,16:00,55,27.6,1.47,108,3.6,25.1,14.9,0.4,0.2,3.6,3.8,0.3,0.3,-1.7,-0.07
,17:00,48,26.9,1.47,113,2.9,23.7,15.2,0.3,0.2,4,4.2,0.3,0.3,-1.6,-0.07
,18:00,41,25.8,1.47,41,2,21.5,15.1,0.2,0,3.1,3.1,0.2,0.2,-1.6,-0.07
,19:00,32,24.6,1.47,32,1.9,19.2,15.6,0.1,0,1.9,2,0.2,0.2,-1.6,-0.07
,20:00,26,23.9,1.47,21,1.1,17.8,15.4,0,0,1.4,1.4,0.2,0.2,-1.5,-0.07
,21:00,26,24.2,1.47,326,0.1,17.1,14.6,0,0,0.9,0.9,0.2,0.2,-1.5,-0.07
,22:00,,24.9,1.47,333,0.2,16.2,13.9,,,,,0.2,0.2,-1.5,-0.07
,23:00,,25.9,1.47,193,1.5,15.3,13.1,,,,,,,,
,0:00,,25.7,1.47,81,1.5,14.4,12.4,,,,,,,-1.8,
,1:00,17,25.6,1.47,32,1.3,13.8,11.4,0,0,1,1,0.2,0.2,-1.6,-0.07
,2:00,19,25.7,1.47,45,0,13.8,11,0.1,0,1.3,1.3,0.2,0.2,-1.6,-0.07
,3:00,17,25.8,1.47,84,1.1,13,10.4,0.1,0,1.4,1.4,0.2,0.2,-1.6,-0.07
,4:00,17,26.2,1.47,12,0.9,12.5,9.8,0,0,1.4,1.4,0.2,0.2,-1.6,-0.07
,5:00,17,26.3,1.47,211,1,12.3,9.4,0,0,1.7,1.7,0.2,0.2,-1.6,-0.07
,6:00,14,26.5,1.47,39,1.8,11.3,9.1,-0.1,0.4,1.3,1.7,0.2,0.2,-1.6,-0.07
,7:00,12,26,1.47,62,2.2,12.4,10.7,-0.1,0.7,1.2,1.9,0.2,0.2,-1.6,-0.07
,8:00,15,24.4,1.47,148,1.1,15.8,14.6,0,1,1.6,2.7,0.3,0.3,-1.6,-0.07
,9:00,21,23.9,1.47,248,0.7,18.4,17.6,0.4,0.9,2,2.9,0.3,0.3,-1.5,-0.07
,10:00,38,24.2,1.47,222,1.4,21,21.7,2.1,0.6,3.1,3.8,0.2,0.2,-1.5,-0.06
,11:00,59,24.4,1.47,244,3.3,22.7,17.2,4.3,0.2,2.7,2.9,0.2,0.2,-1.5,-0.06
,12:00,61,24.6,1.47,180,2.5,23.9,13.1,3.2,0.2,2.1,2.2,0.2,0.2,-1.5,-0.07
,13:00,65,25,1.47,189,1.9,24.5,13.5,3,0.2,3.1,3.3,0.2,0.2,-1.5,-0.07
,14:00,63,25.5,1.47,207,2,25.1,14,2.4,0.2,3.8,3.9,0.2,0.2,-1.5,-0.07
,15:00,61,26,1.47,169,1.7,25.4,14.7,2,0.2,4.3,4.5,0.2,0.2,-1.6,-0.07
,16:00,62,26.2,1.47,205,1.6,25.2,14.8,1.9,0.2,4.6,4.8,0.2,0.3,-1.6,-0.07
,17:00,61,25.8,1.47,308,0.3,24.7,15.4,1.8,0.1,4.7,4.8,0.2,0.3,-1.6,-0.07
,18:00,34,25,1.47,256,0.4,21.5,17.6,0.9,0.4,5.1,5.5,0.3,0.3,-1.6,-0.07
,19:00,27,24,1.47,256,1.7,19.2,16.6,0.5,0,2.2,2.3,0.2,0.2,-1.5,-0.07
,20:00,28,23.3,1.47,266,2.5,18,15.6,0.5,0,1.8,1.9,0.2,0.2,-1.5,-0.06
,21:00,26,23.5,1.47,199,1.8,17.1,15,0.3,0,1.3,1.4,0.2,0.2,-1.5,-0.06
,22:00,,24.4,1.47,143,1,16.2,14.3,,,,,0.2,0.2,-1.5,-0.06
,23:00,,25.7,1.47,125,1.8,15.8,13.5,,,,,,,,
,0:00,,25.4,1.47,55,1.1,15.3,12.9,,,,,,,-1.7,
,1:00,18,25.1,1.47,74,1,14.7,12.3,0,0,0.9,1,0.2,0.2,-1.6,-0.07
,2:00,21,25.2,1.47,14,1.4,14.7,11.9,-0.1,0,1,1,0.2,0.2,-1.6,-0.07
,3:00,21,25,1.47,249,1.5,14,11.5,-0.1,0,0.4,0.4,0.2,0.2,-1.6,-0.07
,4:00,18,25.2,1.47,208,0.7,13.5,11,-0.1,0,0.3,0.3,0.2,0.2,-1.6,-0.07
,5:00,19,25.5,1.47,73,0.3,13.4,10.6,-0.1,0,0.1,0.2,0.2,0.2,-1.6,-0.07
,6:00,17,25.6,1.47,135,0.1,13.2,10.4,-0.1,0.1,0.4,0.5,0.2,0.2,-1.6,-0.07
,7:00,11,25,1.47,90,0,14.4,12.1,-0.1,1.6,1.4,2.9,0.2,0.2,-1.6,-0.07
,8:00,14,23.9,1.47,169,0.6,17.2,16.1,0,1.4,1.2,2.5,0.3,0.3,-1.5,-0.07
,9:00,21,23.7,1.47,175,1,20.2,19.4,0.3,0.8,1.6,2.4,0.3,0.3,-1.5,-0.06
,10:00,36,24.2,1.47,189,1.6,22.5,23,1.1,0.4,1.7,2.1,0.2,0.2,-1.5,-0.06
,11:00,48,24.7,1.47,169,1.6,24.4,18.7,1.4,0.2,1.3,1.5,0.2,0.2,-1.5,-0.07
,12:00,52,25,1.47,214,1.9,25.8,14.3,1.3,0.2,1.3,1.5,0.2,0.2,-1.5,-0.07
,13:00,51,25.5,1.47,236,2.4,26.7,14.6,1,0.2,2,2.1,0.2,0.2,-1.5,-0.07
,14:00,52,26.2,1.47,201,2.3,27.3,14.1,0.8,0.3,3.3,3.6,0.2,0.2,-1.6,-0.07
,15:00,59,26.7,1.47,187,1.5,27.5,13.9,0.7,0.2,4.6,4.8,0.3,0.3,-1.6,-0.07
,16:00,60,27,1.47,213,1.3,27.1,14.1,0.7,0.2,4.4,4.5,0.3,0.3,-1.6,-0.07
,17:00,46,26.5,1.47,224,1.3,25.9,15.3,0.5,0.1,3.2,3.3,0.2,0.3,-1.6,-0.07
,18:00,24,25.6,1.47,264,0.9,22.1,18.2,0.3,0.2,4.2,4.4,0.3,0.3,-1.6,-0.07
,19:00,25,24.6,1.47,214,0.2,20.2,17.1,0.2,0.1,2.7,2.7,0.3,0.3,-1.6,-0.07
,20:00,20,23.5,1.47,201,3.3,18.6,16.3,0.1,0,2.1,2.1,0.2,0.2,-1.5,-0.07
,21:00,22,23.3,1.47,200,1.5,17.5,15.4,0.1,0.1,1.7,1.8,0.2,0.2,-1.5,-0.06
,22:00,,24.2,1.47,241,0.5,16.6,14.4,,,,,0.2,0.2,-1.5,-0.06
,23:00,,25.4,1.47,70,0.4,16.2,13.5,,,,,,,,
,0:00,,25,1.47,76,0.5,15.5,13.1,,,,,,,-1.7,
,1:00,27,24.6,1.47,37,2,15.6,12.9,-0.1,0,0.4,0.4,0.2,0.2,-1.6,-0.07
,2:00,20,24.4,1.47,26,2.1,14.7,12.8,-0.1,0,0.2,0.2,0.2,0.2,-1.6,-0.07
,3:00,20,24.3,1.47,262,0.6,15,12.8,-0.1,0,0.1,0.1,0.2,0.2,-1.5,-0.07
,4:00,18,24.3,1.47,90,0,14.6,12.8,-0.1,0,0.1,0.1,0.2,0.2,-1.5,-0.07
,5:00,18,24.3,1.47,117,0.2,14.6,13,-0.1,0,0.4,0.4,0.2,0.2,-1.5,-0.07
,6:00,15,24.2,1.47,228,0.4,14.8,13.3,-0.1,0.2,1,1.1,0.2,0.2,-1.5,-0.07
,7:00,11,23.6,1.47,17,0.3,15.6,15,-0.1,0.6,0.9,1.5,0.3,0.3,-1.5,-0.07
,8:00,11,22.5,1.47,61,1.8,16.8,17.1,-0.1,0.4,0.6,1,0.3,0.3,-1.5,-0.06
,9:00,18,21.7,1.47,273,0.5,19.9,20.4,0.1,0.3,0.6,0.9,0.3,0.3,-1.4,-0.06
,10:00,36,22.5,1.47,194,1.5,23.2,23.6,0.5,0.5,1.6,2,0.3,0.3,-1.4,-0.06
,11:00,42,23.4,1.47,186,1.7,25.1,18.5,0.7,0.5,2.6,3,0.3,0.3,-1.5,-0.06
,12:00,35,24.2,1.47,217,3.5,26.2,17.6,0.4,0.2,0.7,0.9,0.2,0.2,-1.5,-0.06
,13:00,36,25,1.47,223,3.8,26.5,17.8,0.2,0.2,0.8,0.9,0.2,0.2,-1.5,-0.07
,14:00,46,25.8,1.47,208,3,27,17.5,0.3,0.3,1.6,1.8,0.2,0.3,-1.6,-0.07
,15:00,49,26.4,1.47,189,2.3,27,17.5,0.3,0.2,2,2.2,0.2,0.3,-1.6,-0.07
,16:00,49,26.8,1.47,214,2.6,26,18,0.5,0.3,3.1,3.4,0.3,0.3,-1.6,-0.07
,17:00,51,26.5,1.47,220,2.2,24.6,18.4,0.6,0.1,4.3,4.3,0.3,0.3,-1.6,-0.07
,18:00,41,25.9,1.47,266,0.9,23.5,19.1,0.5,0,4.3,4.3,0.3,0.3,-1.6,-0.07
,19:00,29,25,1.47,231,1.1,22.4,19.4,0.3,0.1,4.2,4.3,0.3,0.3,-1.6,-0.07
,20:00,28,24.2,1.47,264,1.2,21.9,19.4,0.3,0,3,3.1,0.3,0.3,-1.5,-0.07
,21:00,24,23.4,1.47,259,1.1,21,19.1,0.2,0,2.3,2.3,0.3,0.3,-1.5,-0.07
,22:00,,23.2,1.47,228,1.9,21.3,18.6,,,,,0.2,0.3,-1.5,-0.06
,23:00,,23.7,1.47,235,2.6,20.9,17.9,,,,,,,,
,0:00,,22.7,1.47,217,1,19.8,17.9,,,,,,,-1.7,
,1:00,15,21.7,1.47,212,0.5,19,18.1,0,0,1.5,1.5,0.2,0.2,-1.5,-0.06
,2:00,12,21.7,1.47,224,2,18.9,17.5,0,0,1.7,1.7,0.2,0.2,-1.4,-0.06
,3:00,9,21.7,1.47,197,1.8,19.1,17.4,0.2,0,6.6,6.6,0.3,0.3,-1.4,-0.06
,4:00,8,21.8,1.47,221,2.1,19.1,17.4,0.5,0.1,8.1,8.2,0.2,0.3,-1.4,-0.06
,5:00,7,21.9,1.47,202,2,18.8,17.4,0.5,0.1,6.9,7,0.3,0.3,-1.4,-0.06
,6:00,5,21.8,1.47,113,0.6,18.3,17.6,0.2,0.6,4.3,4.9,0.3,0.3,-1.4,-0.06
,7:00,6,21.7,1.47,248,1.4,19.5,18.9,0.3,1.2,2.5,3.7,0.2,0.3,-1.4,-0.06
,8:00,12,21.8,1.47,201,0.4,22.5,20.6,1.2,2.1,3.5,5.6,0.2,0.2,-1.4,-0.06
,9:00,21,22.4,1.47,229,2.4,24.6,19.4,0.5,0.8,1.6,2.4,0.2,0.2,-1.4,-0.06
,10:00,28,23.7,1.47,214,2.2,26.1,19.7,0.3,0.3,0.9,1.2,0.2,0.2,-1.5,-0.06
,11:00,31,24.5,1.47,302,0.8,26.7,19.3,0.1,0.2,0.5,0.7,0.2,0.2,-1.5,-0.06
,12:00,32,25,1.47,11,3.8,25.8,19.1,-0.1,0.1,0.1,0.2,0.2,0.2,-1.5,-0.07
,13:00,27,25.5,1.47,56,4.4,24.2,20,-0.1,0.1,0.6,0.6,0.2,0.2,-1.6,-0.07
,14:00,25,25.3,1.47,0,1,21.4,20.8,-0.1,0.1,0.4,0.4,0.2,0.2,-1.6,-0.07
,15:00,26,24.8,1.47,28,1.7,21.9,21.1,-0.1,0.1,0.1,0.1,0.2,0.2,-1.6,-0.07
,16:00,19,24.4,1.47,212,0.8,21.9,21,-0.1,0.3,0.8,1.1,0.3,0.3,-1.5,-0.07
,17:00,17,23.9,1.47,230,1.9,21.5,21.2,-0.1,0.2,0.4,0.6,0.2,0.2,-1.5,-0.07
,18:00,15,23.4,1.47,233,1.4,21.3,20.8,-0.1,0.1,0.9,0.9,0.2,0.3,-1.5,-0.06
,19:00,14,22.8,1.47,218,1.2,20.9,20.6,-0.1,0.6,3,3.5,0.3,0.3,-1.5,-0.06
,20:00,8,22.2,1.47,287,0.9,20.3,19.7,-0.1,0.3,1.9,2.2,0.2,0.3,-1.5,-0.06
,21:00,6,21.6,1.47,120,0.7,19.7,19,-0.2,0.1,0.9,1,0.2,0.2,-1.4,-0.06
,22:00,,22,1.47,35,1.1,19.5,19.3,,,,,0.2,0.2,-1.4,-0.06
,23:00,,22.7,1.47,354,0.9,19.3,19.2,,,,,,,,
,0:00,,21.9,1.47,153,0.2,18.7,18.8,,,,,,,-1.6,
,1:00,4,21.9,1.47,55,0.3,18.5,18.2,-0.2,0,0,0,0.2,0.2,-1.5,-0.06
,2:00,3,22,1.47,90,0,18.3,17.7,-0.2,0.1,-0.1,-0.1,0.2,0.2,-1.4,-0.06
,3:00,3,21.9,1.47,90,0,18.1,17.9,-0.2,0,-0.3,-0.2,0.2,0.2,-1.4,-0.06
,4:00,4,21.8,1.47,47,0.6,18.3,18.4,-0.2,0,-0.3,-0.3,0.2,0.2,-1.4,-0.06
,5:00,6,21.8,1.47,43,2,18.6,18.6,-0.2,0.1,0.1,0.1,0.2,0.2,-1.4,-0.06
,6:00,8,21.7,1.47,40,2,18.9,18.8,-0.1,0,0.3,0.3,0.2,0.2,-1.4,-0.06
,7:00,8,21.6,1.47,44,2.1,19.1,19.1,-0.1,0.3,0.9,1.2,0.2,0.2,-1.4,-0.06
,8:00,8,21.7,1.47,50,1.3,19.5,19.5,-0.1,0.3,1,1.3,0.2,0.2,-1.4,-0.06
,9:00,11,21.5,1.47,46,3.9,19.5,19.4,-0.1,0.3,1,1.2,0.2,0.2,-1.4,-0.06
,10:00,14,21.5,1.47,50,4.5,18.6,18.4,0.6,0.5,2.2,2.7,0.2,0.2,-1.4,-0.06
,11:00,14,21.5,1.47,72,3.6,18.8,18.2,1,0.8,2.8,3.6,0.2,0.2,-1.4,-0.06
,12:00,16,21.5,1.47,68,4.1,19.2,18.2,1.5,0.8,2.9,3.7,0.2,0.2,-1.4,-0.06
,13:00,18,21.2,1.47,72,3.8,19.4,17.9,1.9,0.7,3.2,3.8,0.2,0.2,-1.4,-0.06
,14:00,19,21.4,1.47,72,3.8,19.4,17.8,1.9,0.6,3.2,3.8,0.2,0.2,-1.4,-0.06
,15:00,19,21.2,1.47,55,3.6,19.3,17.7,1.8,0.4,3,3.4,0.2,0.2,-1.4,-0.06
,16:00,20,21.4,1.47,63,4,19.4,17.6,1.7,0.3,2.8,3.1,0.2,0.2,-1.4,-0.06
,17:00,19,21.4,1.47,61,2.9,19,17.5,1.2,0.1,2.5,2.6,0.2,0.2,-1.4,-0.06
,18:00,19,21.8,1.47,46,3,18.6,17.3,1.1,0,2.5,2.5,0.2,0.2,-1.4,-0.06
,19:00,19,21.8,1.47,44,3.7,18.4,17,1.1,0,2.5,2.5,0.2,0.2,-1.4,-0.06
,20:00,20,21.9,1.47,41,3.6,18.1,17.1,1,0,2.4,2.4,0.2,0.2,-1.4,-0.06
,21:00,17,21.9,1.47,56,2.3,18,17.3,0.7,0,2.1,2.2,0.2,0.2,-1.4,-0.06
,22:00,,22.5,1.47,57,2.3,18,17.3,,,,,0.3,0.3,-1.4,-0.06
,23:00,,22.6,1.47,71,1.7,17.8,17.3,,,,,,,,
,0:00,,21.9,1.47,69,2.3,17.7,17.4,,,,,,,-1.6,
,1:00,10,21.8,1.47,75,1.9,17.7,17.4,0,0,1.4,1.4,0.2,0.2,-1.5,-0.06
,2:00,8,21.8,1.47,63,1.1,17.7,17.4,0,0,1.2,1.2,0.2,0.2,-1.4,-0.06
,3:00,6,21.9,1.47,315,0.3,17.7,17.5,-0.1,0,0.8,0.8,0.2,0.2,-1.4,-0.06
,4:00,4,21.9,1.47,68,0.5,17.8,17.5,-0.2,0,0.5,0.5,0.2,0.3,-1.4,-0.06
,5:00,4,21.9,1.47,51,0.4,17.8,17.6,-0.2,0.2,0.9,1.1,0.2,0.3,-1.4,-0.06
,6:00,4,22,1.47,17,0.3,17.8,17.6,-0.2,0.2,0.9,1,0.2,0.3,-1.4,-0.06
,7:00,3,21.7,1.47,63,1.6,18.1,17.9,-0.2,0.3,0.4,0.7,0.2,0.3,-1.4,-0.06
,8:00,8,21.7,1.47,34,0.3,18.8,17.8,-0.1,0.3,0.3,0.5,0.2,0.2,-1.4,-0.06
,9:00,10,21.6,1.47,86,1.5,19.4,18.3,0.1,0.3,0.8,1.1,0.2,0.3,-1.4,-0.06
,10:00,12,21.3,1.47,69,0.9,19.9,18.8,0.1,0.4,0.7,1.1,0.2,0.2,-1.4,-0.06
,11:00,16,21.1,1.47,43,0.6,20.6,18.9,0.4,0.3,0.7,0.9,0.2,0.2,-1.4,-0.06
,12:00,17,21.2,1.47,0,0.5,21.2,19.1,0.7,0.3,0.6,0.8,0.2,0.2,-1.4,-0.06
,13:00,22,21.6,1.47,95,1.7,22.2,19.3,0.4,0.3,0.5,0.7,0.2,0.2,-1.4,-0.06
,14:00,25,22.2,1.47,146,1.4,23,19.7,0.3,0.3,0.9,1.1,0.2,0.2,-1.4,-0.06
,15:00,26,22.6,1.47,145,1.9,23,19.9,0.4,0.5,2.5,3,0.3,0.3,-1.4,-0.06
,16:00,24,22.8,1.47,97,1.3,22.4,19.9,0.9,0.5,4.1,4.5,0.4,0.4,-1.5,-0.06
,17:00,20,22.8,1.47,27,1.3,22.2,20.1,1,0.4,5.1,5.4,0.4,0.4,-1.5,-0.06
,18:00,14,22.5,1.47,35,1.7,21.5,20,0.4,0.1,2.8,2.9,0.4,0.4,-1.5,-0.06
,19:00,8,22.1,1.47,12,0.8,20.7,19.7,0.1,0.1,1.9,1.9,0.4,0.4,-1.4,-0.06
,20:00,5,21.7,1.47,56,0.5,20.2,19.6,0,0.4,1.6,2,0.4,0.4,-1.4,-0.06
,21:00,3,21.7,1.47,45,0.4,19.5,18.5,-0.1,0.1,0.8,0.9,0.3,0.3,-1.4,-0.06
,22:00,,22,1.47,270,0.5,19.6,18.8,,,,,0.3,0.3,-1.4,-0.06
,23:00,,22.4,1.47,228,0.5,19.7,19.2,,,,,,,,
,0:00,,21.8,1.47,320,0.2,19.9,19.5,,,,,,,-1.6,
,1:00,7,21.7,1.47,289,0.2,20.1,19.7,0.1,0,1.1,1.1,0.3,0.3,-1.4,-0.06
,2:00,5,21.7,1.47,267,0.6,19.9,19.6,0.1,0.1,0.8,0.9,0.3,0.3,-1.4,-0.06
,3:00,5,21.7,1.47,180,0.5,20.1,19.7,0.4,0,1,1,0.3,0.3,-1.4,-0.06
,4:00,2,21.6,1.47,45,0.8,19.8,19.7,0.1,0.2,0.7,0.9,0.3,0.3,-1.4,-0.06
,5:00,0,21.7,1.47,45,0.7,19.4,19.7,-0.1,0.5,0.6,1,0.3,0.3,-1.4,-0.06
,6:00,0,21.6,1.47,14,0.1,19.5,19.7,-0.1,0.5,0.8,1.3,0.3,0.3,-1.4,-0.06
,7:00,1,21.8,1.47,68,0.2,19.8,19.8,0,1.7,1.1,2.8,0.4,0.4,-1.4,-0.06
,8:00,1,22.1,1.47,40,1.4,19.9,20.1,-0.1,1.1,0.8,1.9,0.3,0.3,-1.4,-0.06
,9:00,42,26.1,1.47,68,1.4,20.4,20.9,,,,,0.3,0.2,-1.5,-0.07
,10:00,154,28.6,1.47,137,0.6,21.6,21.5,,,,,0.4,0.3,-1.7,-0.08
,11:00,126,28.8,1.47,200,2.4,24.2,21,,,,,0.5,0.5,-1.3,-0.07
,12:00,34,27.3,1.47,169,2.5,25.9,21.4,0.2,0.4,2,2.4,0.4,0.4,-1.7,-0.08
,13:00,36,27,1.47,175,2.7,26.6,21.4,0.1,0.2,1.3,1.5,0.4,0.4,-1.6,-0.07
,14:00,32,27.2,1.47,161,2,27.1,21.5,0,0.2,1.2,1.4,0.3,0.4,-1.6,-0.07
,15:00,34,27.5,1.47,189,1.7,26.9,21.7,0,0.2,1.8,2,0.3,0.4,-1.7,-0.07
,16:00,28,27.5,1.47,205,1.4,25.9,22.1,0,0.2,2.5,2.8,0.4,0.4,-1.7,-0.07
,17:00,27,27.1,1.47,207,1.7,24.9,21.7,0.1,0.1,1.6,1.7,0.3,0.4,-1.7,-0.07
,18:00,26,26.4,1.47,150,1.1,24,21.4,0.1,0.2,2.6,2.8,0.3,0.4,-1.6,-0.07
,19:00,17,25.6,1.47,38,1.5,23,21.4,-0.1,0,0.8,0.8,0.3,0.3,-1.6,-0.07
,20:00,16,24.8,1.47,54,2.6,22.1,21.7,-0.2,0,0.4,0.4,0.3,0.3,-1.6,-0.07
,21:00,14,24.1,1.47,81,0.6,21.8,21.4,-0.2,0,0.5,0.5,0.3,0.3,-1.6,-0.07
,22:00,,23.8,1.47,51,1.4,21.5,21.2,,,,,0.3,0.3,-1.5,-0.07
,23:00,,24.4,1.47,28,3.2,21.1,20.9,,,,,,,,
,0:00,,23.7,1.47,355,0.4,21,20.6,,,,,,,-1.7,
,1:00,15,22.8,1.47,146,0.7,20.9,0.9,-0.2,0.1,0.9,1,0.3,0.3,-1.5,-0.07
,2:00,10,22.2,1.47,270,0.6,20.7,-27.2,-0.2,0,0.3,0.3,0.2,0.3,-1.5,-0.06
,3:00,3,21.8,1.47,328,0.3,20.4,-23.2,-0.2,0,-0.3,-0.2,0.2,0.3,-1.5,-0.06
,4:00,4,21.4,1.47,55,0.4,20.1,-20.3,-0.2,0,-0.4,-0.4,0.2,0.2,-1.4,-0.06
,5:00,2,21.6,1.47,68,0.2,19.8,-17.9,-0.2,1.2,0.2,1.4,0.2,0.2,-1.4,-0.06
,6:00,2,21.5,1.47,344,0.6,19.6,-15.4,-0.2,0.6,-0.1,0.5,0.2,0.2,-1.4,-0.06
,7:00,3,21.6,1.47,92,0.9,19.7,-1.4,-0.2,0.4,-0.1,0.4,0.2,0.2,-1.4,-0.06
,8:00,5,21.7,1.47,64,2.3,19.5,21,0.1,0.5,0.5,0.9,0.2,0.2,-1.4,-0.06
,9:00,7,21.7,1.47,55,2.3,19.3,20.4,0.1,0.8,3.2,4,0.3,0.3,-1.4,-0.06
,10:00,10,21.5,1.47,53,2.4,19.2,20.1,0.1,1,3.4,4.3,0.3,0.3,-1.4,-0.06
,11:00,12,21.5,1.47,90,2.7,19.1,19.6,0.2,1.1,3.7,4.8,0.3,0.3,-1.4,-0.06
,12:00,15,21.7,1.47,98,5.6,18.8,18.7,0.6,1.3,3.5,4.7,0.3,0.3,-1.4,-0.06
,13:00,18,21.7,1.47,78,3.7,18.6,18,0.8,0.5,2.5,3,0.2,0.2,-1.4,-0.06
,14:00,16,21.8,1.47,3,1.9,18.1,18.5,0.5,0.3,1.6,1.9,0.2,0.2,-1.4,-0.06
,15:00,13,21.7,1.47,354,1.1,18.2,18.9,0.3,0.4,1.7,2,0.2,0.3,-1.4,-0.06
,16:00,14,21.8,1.47,33,0.5,18.6,18.9,0.4,0.4,2.1,2.4,0.3,0.3,-1.4,-0.06
,17:00,11,21.7,1.47,251,0.1,18.7,19.1,0.3,0.3,2.1,2.4,0.3,0.3,-1.4,-0.06
,18:00,6,21.9,1.47,120,0.2,18.5,19.2,0.2,2.1,3,5.1,0.3,0.3,-1.4,-0.06
,19:00,7,21.9,1.47,90,1.9,18.1,18.9,0.3,0.4,2.7,3.1,0.3,0.3,-1.4,-0.06
,20:00,11,22.1,1.47,86,3.3,17.7,18.5,0.6,0.1,3.9,4,0.3,0.3,-1.4,-0.06
,21:00,15,22.1,1.47,70,3.9,17.5,17.8,0.5,0,3.3,3.3,0.3,0.3,-1.4,-0.06
,22:00,,22.7,1.47,71,5.5,16.9,15.2,,,,,0.2,0.2,-1.5,-0.06
,23:00,,24.1,1.47,68,5.3,15.8,13.9,,,,,,,,
,0:00,,24.3,1.47,66,5.4,14.8,11,,,,,,,-1.7,
,1:00,27,24.3,1.47,60,5.5,13.8,10.2,0.4,0,1.1,1.1,0.2,0.2,-1.6,-0.07
,2:00,29,24.6,1.47,48,6.8,12.8,8.8,0.4,0,1,1,0.2,0.2,-1.5,-0.07
,3:00,28,24.8,1.47,54,5.3,12,8.3,0.5,0,0.8,0.8,0.2,0.2,-1.5,-0.07
,4:00,25,25,1.47,54,4,11.3,8.4,0.5,0,0.9,1,0.2,0.2,-1.6,-0.07
,5:00,25,25,1.47,50,4.3,11.1,8.1,0.9,0,1.2,1.2,0.2,0.2,-1.6,-0.07
,6:00,21,25,1.47,79,2.3,10.6,8.5,0.6,0.1,1.5,1.5,0.2,0.2,-1.6,-0.07
,7:00,21,24.9,1.47,60,2.6,10.8,8.7,0.4,0.1,1.3,1.4,0.2,0.2,-1.5,-0.07
,8:00,19,25.3,1.47,71,3.4,10.7,9,0.3,0.2,1.6,1.7,0.2,0.2,-1.5,-0.07
,9:00,22,21,1.47,55,4.6,11,8.6,0.3,0.3,1.5,1.8,0,0,-1.5,-0.06
,10:00,24,20.8,1.47,60,3.5,11.9,8.6,0.5,0.3,1.2,1.5,0,0,-1.4,-0.06
,11:00,27,23,1.47,49,5.2,12.4,8.4,0.7,0.3,1.5,1.8,0.1,0.1,-1.4,-0.06
,12:00,31,22.2,1.47,49,5.6,13.5,9.2,0.5,0.4,1.5,1.8,0.1,0.1,-1.4,-0.06
,13:00,33,21.9,1.47,51,4.7,13.8,10.2,0.3,0.2,1.4,1.6,0.1,0.1,-1.4,-0.06
,14:00,36,22.1,1.47,76,5.1,14.7,10.4,0.3,0.3,1.6,1.8,0.2,0.2,-1.4,-0.06
,15:00,36,22.3,1.47,71,4.3,14.8,10.6,0.3,0.2,1.6,1.7,0.2,0.2,-1.4,-0.06
,16:00,36,22.3,1.47,74,3.8,15.1,10.4,0.3,0.2,1.8,2,0.2,0.2,-1.4,-0.06
,17:00,31,23.1,1.47,74,3.2,14,10.6,0.2,0.1,2,2.1,0.2,0.2,-1.4,-0.06
,18:00,28,24.1,1.47,47,3.7,12.8,10.1,0.1,0,2.1,2.2,0.2,0.2,-1.5,-0.07
,19:00,28,24.4,1.47,42,3.6,12.4,9.4,0.1,0,1.7,1.7,0.2,0.2,-1.5,-0.07
,20:00,27,24.8,1.47,41,3.2,11.9,8.9,0.1,0,1.3,1.4,0.2,0.3,-1.5,-0.07
,21:00,24,25.2,1.47,37,3.4,11.1,8.8,0.1,0,1,1,0.2,0.3,-1.5,-0.07
,22:00,,25.8,1.47,36,3.5,11.1,8.3,,,,,0.2,0.3,-1.6,-0.07
,23:00,,26.6,1.47,39,3.9,10.8,7.9,,,,,,,,
,0:00,,26.4,1.47,42,3.5,10.3,7.3,,,,,,,-1.8,
,1:00,27,25.7,1.47,37,3,10.8,7.1,0.5,0,1.1,1.1,0.2,0.3,-1.6,-0.07
,2:00,28,25.4,1.47,39,2.8,11.1,7.2,0.4,0,0.9,0.9,0.2,0.2,-1.6,-0.07
,3:00,24,25.1,1.47,98,1.6,11.1,7.8,0.2,0,0.6,0.6,0.2,0.2,-1.6,-0.07
,4:00,20,25,1.47,66,1.1,11,8.5,0,0.1,0.9,0.9,0.2,0.2,-1.6,-0.07
,5:00,17,25.1,1.47,318,2.4,10.9,9.1,-0.1,0,0,0,0.2,0.2,-1.6,-0.07
,6:00,17,25,1.47,4,0.8,11.2,9.3,0,0.1,0.9,1,0.2,0.2,-1.6,-0.07
,7:00,22,24.7,1.47,270,0.5,11.5,9.7,-0.1,0.1,0.1,0.1,0.2,0.2,-1.5,-0.07
,8:00,25,24.2,1.47,165,0.5,12.5,10.4,-0.1,0.1,0,0.1,0.2,0.2,-1.5,-0.07
,9:00,23,23.6,1.47,54,0.7,13.8,11.3,-0.2,0.1,0,0.2,0.2,0.2,-1.5,-0.07
,10:00,23,23,1.47,64,3,14.8,11.9,-0.2,0.1,-0.2,-0.1,0.2,0.2,-1.5,-0.07
,11:00,23,22,1.47,55,4.6,15.8,12.4,-0.2,0.1,-0.1,0,0.2,0.2,-1.5,-0.06
,12:00,23,21.4,1.47,58,4.5,16.5,12.9,-0.2,0.2,-0.1,0.1,0.1,0.2,-1.4,-0.06
,13:00,23,21.2,1.47,63,4.4,17.6,13.3,-0.2,0.2,-0.1,0.1,0.2,0.2,-1.4,-0.06
,14:00,22,21.3,1.47,82,4.5,18,13.8,-0.2,0.3,0.2,0.4,0.2,0.2,-1.4,-0.06
,15:00,23,21.6,1.47,73,3.3,18.3,14.2,-0.2,0.2,0.4,0.6,0.2,0.2,-1.4,-0.06
,16:00,22,21.7,1.47,85,3.6,18,14.4,-0.2,0.2,0.7,0.8,0.2,0.2,-1.4,-0.06
,17:00,18,21.5,1.47,84,2.1,17.4,14.8,-0.2,0.3,1.1,1.3,0.2,0.2,-1.4,-0.06
,18:00,17,22,1.47,94,1.9,16.8,14.7,-0.2,0.1,2.4,2.5,0.2,0.3,-1.4,-0.06
,19:00,17,22.3,1.47,88,2.1,16.2,14.4,-0.2,0.1,2.7,2.7,0.3,0.3,-1.4,-0.06
,20:00,19,22.7,1.47,94,2.6,15.6,14.2,-0.2,0,2.2,2.2,0.2,0.3,-1.5,-0.06
,21:00,19,23.1,1.47,66,1.6,15,14.2,-0.2,0,1.3,1.3,0.2,0.3,-1.5,-0.06
,22:00,,23.6,1.47,86,2,14.7,14.3,,,,,0.3,0.3,-1.5,-0.06
,23:00,,24.5,1.47,82,1.6,14.5,14.1,,,,,,,,
,0:00,,24.3,1.47,79,1.3,14.3,14.1,,,,,,,-1.7,
,1:00,13,23.8,1.47,96,1.4,14.2,14,-0.2,0,0.8,0.8,0.3,0.3,-1.6,-0.07
,2:00,14,23.8,1.47,94,1.1,14,13.8,-0.2,0.1,0.8,0.8,0.3,0.3,-1.5,-0.07
,3:00,14,23.8,1.47,102,0.8,13.9,13.7,-0.2,0,0.7,0.7,0.2,0.3,-1.5,-0.07
,4:00,13,23.8,1.47,76,0.8,13.9,13.7,-0.2,0,0.7,0.7,0.2,0.3,-1.5,-0.07
,5:00,11,23.8,1.47,66,0.7,13.9,13.8,-0.2,0.1,0.8,0.8,0.3,0.3,-1.5,-0.07
,6:00,9,23.8,1.47,68,1.1,13.9,13.8,-0.2,0.2,1.4,1.6,0.3,0.3,-1.5,-0.07
,7:00,11,23.7,1.47,78,1.5,14.1,14.1,-0.2,0.3,0.8,1,0.3,0.3,-1.5,-0.07
,8:00,11,23.4,1.47,87,1.7,14.4,14.3,-0.2,0.5,0.7,1.2,0.3,0.3,-1.5,-0.07
,9:00,11,23.1,1.47,90,0.8,15.3,14.2,-0.2,0.4,0.4,0.8,0.2,0.3,-1.5,-0.06
,10:00,12,22.7,1.47,56,0.3,15.8,14,-0.2,0.3,0.2,0.5,0.2,0.3,-1.5,-0.06
,11:00,12,22.1,1.47,28,0.6,16.4,14.3,-0.2,0.3,0.1,0.4,0.2,0.2,-1.5,-0.06
,12:00,16,21.6,1.47,233,0.5,17.1,14.4,-0.2,0.3,0.3,0.6,0.2,0.2,-1.4,-0.06
,13:00,19,21.7,1.47,197,0.5,17.6,14.7,-0.2,0.4,0.7,1.1,0.2,0.3,-1.4,-0.06
,14:00,20,21.5,1.47,303,0.9,17.8,15,-0.2,0.3,0.6,0.9,0.2,0.3,-1.4,-0.06
,15:00,21,21.5,1.47,38,0.3,18.2,15.2,-0.2,0.3,0.7,1,0.2,0.3,-1.4,-0.06
,16:00,19,21.5,1.47,67,1.8,18.1,15.7,-0.2,0.1,0.7,0.8,0.2,0.3,-1.4,-0.06
,17:00,16,21.7,1.47,57,2.2,17.9,16,-0.2,0.1,0.7,0.8,0.3,0.3,-1.4,-0.06
,18:00,11,21.9,1.47,67,2.2,17.5,16.2,-0.2,0.2,1.3,1.4,0.3,0.3,-1.4,-0.06
,19:00,9,22.2,1.47,31,1.9,17.1,16.2,-0.2,0.1,1.5,1.5,0.3,0.3,-1.4,-0.06
,20:00,11,22.2,1.47,39,2.4,16.7,16.4,-0.2,0,0.8,0.8,0.3,0.3,-1.4,-0.06
,21:00,11,22.3,1.47,31,1.7,16.6,16.4,-0.2,0,0.5,0.6,0.3,0.3,-1.4,-0.06
,22:00,,22.6,1.47,33,1.6,16.5,16.3,,,,,0.3,0.3,-1.4,-0.06
,23:00,,23.4,1.47,24,2.2,16.5,16.3,,,,,,,,
,0:00,,23,1.47,26,2.5,16.4,16.4,,,,,,,-1.7,
,1:00,8,22.5,1.47,17,1.9,16.4,16.2,0,0,3.9,3.9,0.4,0.4,-1.5,-0.07
,2:00,6,22.3,1.47,36,0.8,16.4,16.2,-0.1,0.1,3.6,3.7,0.3,0.4,-1.5,-0.06
,3:00,6,22.2,1.47,66,0.7,16.4,16.2,-0.1,0,3.1,3.1,0.3,0.4,-1.5,-0.06
,4:00,4,22.3,1.47,68,0.5,16.4,16.3,-0.1,0,3.4,3.4,0.4,0.4,-1.5,-0.06
,5:00,3,22.3,1.47,38,1.5,16.3,16.2,-0.2,0,2.8,2.9,0.4,0.4,-1.5,-0.06
,6:00,4,22.4,1.47,37,1.2,16.2,16.2,-0.2,0.1,2.2,2.3,0.4,0.4,-1.5,-0.06
,7:00,4,22.3,1.47,12,0.6,16.4,16.4,-0.1,0.3,2,2.3,0.4,0.4,-1.5,-0.06
,8:00,7,22.1,1.47,53,0.5,16.7,16.9,-0.1,1.1,2.1,3.1,0.4,0.4,-1.5,-0.06
,9:00,10,21.9,1.47,276,0.6,17.3,17.3,-0.2,0.6,1.5,2,0.4,0.4,-1.4,-0.06
,10:00,10,21.8,1.47,218,0.9,17.9,17.7,-0.2,1.1,1.6,2.7,0.4,0.4,-1.4,-0.06
,11:00,10,21.8,1.47,105,1.4,17.9,17.8,-0.2,0.6,1.9,2.5,0.4,0.4,-1.4,-0.06
,12:00,11,21.7,1.47,60,0.4,18.3,18.2,-0.2,0.7,1.5,2.2,0.4,0.4,-1.4,-0.06
,13:00,12,21.7,1.47,93,1.2,18.6,18.3,-0.2,0.8,1.3,2,0.4,0.4,-1.4,-0.06
,14:00,12,21.5,1.47,227,0.7,19,18.8,-0.2,0.5,0.9,1.3,0.4,0.4,-1.4,-0.06
,15:00,14,21.5,1.47,125,0.5,19.2,19,-0.2,0.4,0.9,1.3,0.3,0.4,-1.4,-0.06
,16:00,12,21.4,1.47,42,0.8,19.4,19.1,-0.2,0.1,0.2,0.3,0.3,0.3,-1.4,-0.06
,17:00,12,21.5,1.47,50,1,19.2,19,-0.2,0.1,0.4,0.4,0.3,0.3,-1.4,-0.06
,18:00,9,21.7,1.47,90,0,19.1,18.8,-0.2,0.4,1.2,1.5,0.4,0.4,-1.4,-0.06
,19:00,9,22,1.47,34,0.3,19,18.8,-0.2,0,0.3,0.3,0.3,0.4,-1.4,-0.06
,20:00,8,21.8,1.47,85,0.4,18.9,18.8,-0.2,0.1,0.1,0.2,0.3,0.3,-1.4,-0.06
,21:00,8,21.8,1.47,45,0.6,18.9,18.8,-0.2,0.1,0,0.1,0.3,0.3,-1.4,-0.06
,22:00,,21.8,1.47,71,0.4,18.8,18.7,,,,,0.3,0.4,-1.4,-0.06
,23:00,,22,1.47,23,0.2,18.8,18.8,,,,,,,,
,0:00,,21.8,1.47,24,0.6,18.7,18.5,,,,,,,-1.6,
,1:00,4,22,1.47,245,0.6,18.6,18.2,-0.2,0,-0.4,-0.4,0.3,0.3,-1.5,-0.06
,2:00,3,21.8,1.47,249,0.3,18.3,18.1,-0.2,0,-0.5,-0.5,0.3,0.3,-1.4,-0.06
,3:00,2,22,1.47,10,0.5,18.1,17.9,-0.2,0,-0.6,-0.6,0.3,0.3,-1.4,-0.06
,4:00,2,21.9,1.47,139,0.3,18.2,18.2,-0.2,0.1,-0.5,-0.5,0.3,0.3,-1.4,-0.06
,5:00,2,21.9,1.47,51,0.6,18.2,18.3,-0.2,0.1,-0.4,-0.3,0.3,0.3,-1.4,-0.06
,6:00,8,21.9,1.47,28,3.1,18.4,18.5,-0.2,0.2,0.1,0.3,0.3,0.3,-1.4,-0.06
,7:00,18,21.8,1.47,38,2.9,18.5,18.6,-0.2,0,-0.1,-0.1,0.3,0.3,-1.4,-0.06
,8:00,12,21.7,1.47,67,0.2,19.1,19.2,-0.2,0.3,0.4,0.7,0.3,0.3,-1.4,-0.06
,9:00,13,21.4,1.47,51,2.6,19.9,19.3,-0.2,0.2,-0.1,0.1,0.3,0.3,-1.4,-0.06
,10:00,13,21.1,1.47,58,3.9,19.9,19.1,-0.2,0.2,0.1,0.3,0.3,0.3,-1.4,-0.06
,11:00,16,21.4,1.47,71,3.2,20,19,-0.2,0.2,0.2,0.3,0.3,0.3,-1.4,-0.06
,12:00,20,21.8,1.47,64,3.3,21,19.1,-0.1,0.2,0.2,0.3,0.3,0.3,-1.4,-0.06
,13:00,22,21.7,1.47,81,3,21.3,19,0.2,0.4,0.9,1.2,0.3,0.3,-1.4,-0.06
,14:00,20,21.6,1.47,76,2.9,20.4,19.1,0,0.2,1.1,1.3,0.3,0.3,-1.4,-0.06
,15:00,22,21.5,1.47,41,2,20,19.2,-0.1,0.2,1.1,1.3,0.3,0.3,-1.4,-0.06
,16:00,19,21.3,1.47,10,2.7,19.8,19.1,-0.2,0.1,0.3,0.3,0.3,0.3,-1.4,-0.06
,17:00,20,21.4,1.47,10,1.4,19.4,19,-0.2,0.2,0.4,0.6,0.3,0.3,-1.4,-0.06
,18:00,18,21.7,1.47,55,0.4,19.3,19,-0.2,0,0.5,0.5,0.3,0.3,-1.4,-0.06
,19:00,15,21.6,1.47,56,1.3,19.2,18.9,-0.2,0,1.1,1.1,0.3,0.3,-1.4,-0.06
,20:00,14,21.8,1.47,57,1.3,19,18.8,-0.2,0,1.1,1.1,0.3,0.3,-1.4,-0.06
,21:00,11,21.7,1.47,45,0.2,18.9,18.8,-0.2,0.2,1.2,1.3,0.3,0.3,-1.4,-0.06
,22:00,,22,1.47,0,0.4,18.7,18.3,,,,,0.3,0.3,-1.4,-0.06
,23:00,,22.9,1.47,338,3.2,17.9,16.9,,,,,,,,
,0:00,,23.5,1.47,342,2.2,16.9,13.9,,,,,,,-1.7,
,1:00,29,24,1.47,350,0.3,16.1,13,1.4,0,0.4,0.4,0.3,0.3,-1.5,-0.07
,2:00,22,24.5,1.47,340,0.4,14.4,12.1,0.7,0,0.1,0.1,0.3,0.3,-1.5,-0.07
,3:00,14,24.9,1.47,58,1.4,13,11.7,0.1,0,-0.2,-0.2,0.3,0.3,-1.6,-0.07
,4:00,13,25.2,1.47,58,1.2,12.3,11,0,0,-0.3,-0.3,0.3,0.3,-1.6,-0.07
,5:00,13,25.7,1.47,38,2.4,11.3,10,0,0.1,-0.1,0,0.3,0.3,-1.6,-0.07
,6:00,16,26.1,1.47,47,2.1,11.2,9.5,0.1,0.2,0.1,0.3,0.3,0.3,-1.6,-0.07
,7:00,13,25.6,1.47,79,2.4,12.4,11.3,0.3,0.4,0.2,0.6,0.3,0.3,-1.6,-0.07
,8:00,19,24.1,1.47,94,1.5,15.9,14.6,1,0.4,0.4,0.8,0.3,0.3,-1.6,-0.07
,9:00,31,23.4,1.47,94,2.2,17.7,14.2,1.7,0.3,0.9,1.1,0.3,0.3,-1.5,-0.07
,10:00,34,23.3,1.47,142,2,19.4,11.3,1.2,0.4,1.1,1.4,0.3,0.3,-1.5,-0.06
,11:00,36,23.3,1.47,111,2.1,20.2,10.7,1,0.2,2.3,2.5,0.3,0.3,-1.5,-0.06
,12:00,36,23.2,1.47,116,1.7,21.3,10.4,0.7,0.1,3.3,3.4,0.2,0.3,-1.5,-0.06
,13:00,37,23.4,1.47,76,2.4,22.2,9.6,0.6,0.1,3.3,3.4,0.2,0.3,-1.5,-0.06
,14:00,38,23.8,1.47,86,2.4,22.6,7.7,0.4,0.2,2.8,2.9,0.2,0.3,-1.5,-0.07
,15:00,40,24.2,1.47,69,4.7,22.1,6.2,0.2,0.1,2,2.1,0.2,0.3,-1.5,-0.07
,16:00,38,24.1,1.47,34,2.3,21.4,6.6,0.3,0.1,1.6,1.7,0.2,0.3,-1.5,-0.07
,17:00,35,23.7,1.47,10,2.1,19,7.7,0.4,0,1.4,1.5,0.2,0.3,-1.5,-0.07
,18:00,33,24.6,1.47,5,2.5,15.9,7.1,0.7,0,1.3,1.3,0.2,0.3,-1.5,-0.07
,19:00,31,25.4,1.47,66,0.8,14.6,7,0.7,0,1.1,1.1,0.3,0.3,-1.6,-0.07
,20:00,28,26.1,1.47,107,0.8,13,5.9,0.8,0,1.3,1.3,0.3,0.3,-1.6,-0.07
,21:00,21,27.1,1.47,43,1.5,10.3,6.5,0.4,0,0.6,0.7,0.3,0.3,-1.6,-0.07
,22:00,,28.1,1.47,120,0.7,10.5,6,,,,,0.3,0.3,-1.7,-0.07
,23:00,,29.4,1.47,197,0.4,9.3,5.1,,,,,,,,
,0:00,,29.1,1.47,245,1.8,8.4,4.8,,,,,,,-1.9,
,1:00,18,29.2,1.47,21,1.3,7.6,4.1,0.2,0,0.3,0.3,0.3,0.3,-1.8,-0.08
,2:00,16,29.1,1.47,22,1.1,6.6,3.2,0.1,0,0.5,0.5,0.3,0.3,-1.8,-0.08
,3:00,15,29.3,1.47,18,0.8,5.8,3,0,0,0,0,0.3,0.3,-1.8,-0.08
,4:00,8,29.6,1.47,53,3.4,4.1,2.3,-0.1,0,-0.3,-0.4,0.3,0.3,-1.8,-0.08
,5:00,14,29.5,1.47,256,1.4,4.9,2,0,0.1,0.2,0.3,0.3,0.3,-1.8,-0.08
,6:00,13,29.8,1.47,210,0.2,5.3,2.2,0,0.2,1.3,1.5,0.3,0.3,-1.8,-0.08
,7:00,10,29.3,1.47,63,2,5.9,3.6,0,0.7,0.3,1,0.3,0.3,-1.8,-0.08
,8:00,18,27.1,1.47,123,1.8,9.9,7.5,0.3,0.7,0.6,1.3,0.3,0.3,-1.7,-0.08
,9:00,29,25.1,1.47,117,2,12.2,10.2,1.4,0.5,1.3,1.8,0.3,0.3,-1.6,-0.07
,10:00,29,23.9,1.47,219,2,13.9,6.7,1.4,0.7,1.8,2.6,0.3,0.3,-1.6,-0.07
,11:00,34,23.2,1.47,146,1.1,15.3,6.3,1.3,0.5,2,2.4,0.2,0.3,-1.5,-0.07
,12:00,38,22.5,1.47,145,1.5,16.7,6.8,1.1,0.5,2.5,3,0.2,0.3,-1.5,-0.06
,13:00,39,22.5,1.47,151,2,18,7.2,1,0.3,2.5,2.7,0.2,0.3,-1.5,-0.06
,14:00,40,22.8,1.47,194,2.4,18.9,8,0.9,0.3,2.5,2.8,0.3,0.3,-1.5,-0.06
,15:00,44,23.3,1.47,158,1.4,19.2,7.9,0.8,0.3,2.7,3,0.3,0.3,-1.5,-0.07
,16:00,44,23.2,1.47,161,0.5,19.1,7.8,0.8,0.3,3.5,3.9,0.3,0.3,-1.5,-0.07
,17:00,33,23.7,1.47,348,0.7,17.7,10.6,0.5,0.1,2.7,2.8,0.3,0.3,-1.5,-0.07
,18:00,30,24.8,1.47,313,2.6,15,5.4,2.6,0.1,3.1,3.2,0.3,0.3,-1.6,-0.07
,19:00,28,25.7,1.47,111,1.1,13.6,5.1,2.2,0.1,3,3.1,0.3,0.3,-1.6,-0.07
,20:00,29,26.7,1.47,158,1.5,13,2.9,2.5,0,3.2,3.2,0.3,0.3,-1.6,-0.07
,21:00,22,27.3,1.47,125,1.1,11.4,6,1.5,0,2.8,2.8,0.3,0.3,-1.7,-0.07
,22:00,,28.1,1.47,281,1,10.1,5.4,,,,,0.3,0.3,-1.7,-0.07
,23:00,,29.4,1.47,311,1.4,9.1,4.8,,,,,,,,
